Artist,avgSent,deltaSTotal,deltaSEarly,deltaSLate
ABBA,"[0.09, 0.045, 0.865]","[-0.028, -0.007, 0.035]","[-0.012, -0.003, 0.015]","[-0.017, -0.003, 0.02]"
Adam Sandler,"[0.059, 0.042, 0.899]","[0.015, 0.006, -0.022]","[0.003, 0.003, -0.006]","[0.012, 0.004, -0.016]"
Adele,"[0.075, 0.05, 0.875]","[0.013, -0.008, -0.005]","[0.01, -0.0, -0.01]","[0.003, -0.008, 0.005]"
Aerosmith,"[0.07, 0.042, 0.888]","[-0.006, -0.001, 0.007]","[0.001, 0.003, -0.004]","[-0.006, -0.005, 0.011]"
Air Supply,"[0.088, 0.047, 0.865]","[-0.0, 0.004, -0.004]","[-0.01, -0.002, 0.012]","[0.01, 0.006, -0.016]"
Aiza Seguerra,"[0.067, 0.03, 0.904]","[-0.044, -0.024, 0.068]","[0.005, 0.002, -0.006]","[-0.048, -0.025, 0.074]"
Alabama,"[0.07, 0.035, 0.895]","[0.002, 0.001, -0.003]","[0.002, -0.004, 0.002]","[-0.0, 0.004, -0.004]"
Aled Jones,"[0.063, 0.041, 0.896]","[0.012, -0.001, -0.011]","[0.021, 0.001, -0.022]","[-0.009, -0.002, 0.011]"
Alice Cooper,"[0.064, 0.056, 0.88]","[0.011, -0.029, 0.018]","[0.004, -0.03, 0.025]","[0.006, 0.001, -0.007]"
Alison Krauss,"[0.073, 0.047, 0.88]","[0.001, -0.003, 0.002]","[0.0, 0.003, -0.003]","[0.001, -0.005, 0.004]"
Alphaville,"[0.07, 0.051, 0.878]","[0.005, 0.001, -0.006]","[0.006, 0.003, -0.009]","[-0.001, -0.001, 0.002]"
America,"[0.072, 0.036, 0.892]","[-0.001, 0.006, -0.005]","[-0.004, 0.006, -0.002]","[0.002, 0.0, -0.003]"
Amy Grant,"[0.092, 0.048, 0.86]","[-0.004, -0.01, 0.014]","[-0.008, -0.006, 0.013]","[0.003, -0.004, 0.001]"
Andy Williams,"[0.087, 0.039, 0.874]","[-0.022, -0.018, 0.04]","[-0.015, -0.009, 0.024]","[-0.007, -0.009, 0.015]"
Annie,"[0.105, 0.06, 0.835]","[-0.008, -0.0, 0.008]","[-0.008, -0.003, 0.011]","[0.0, 0.003, -0.003]"
Ariana Grande,"[0.088, 0.034, 0.877]","[0.021, -0.021, 0.0]","[-0.013, -0.007, 0.02]","[0.034, -0.014, -0.02]"
Ariel Rivera,"[0.052, 0.03, 0.918]","[-0.017, -0.017, 0.034]","[-0.014, -0.013, 0.027]","[-0.003, -0.003, 0.007]"
Arlo Guthrie,"[0.051, 0.035, 0.915]","[-0.001, -0.011, 0.012]","[-0.004, -0.009, 0.013]","[0.003, -0.002, -0.001]"
Avril Lavigne,"[0.088, 0.047, 0.866]","[0.04, 0.012, -0.051]","[0.014, 0.008, -0.021]","[0.026, 0.004, -0.03]"
Backstreet Boys,"[0.093, 0.043, 0.864]","[0.003, -0.01, 0.007]","[0.007, -0.013, 0.006]","[-0.004, 0.003, 0.001]"
Barbra Streisand,"[0.096, 0.048, 0.856]","[0.005, -0.003, -0.002]","[-0.009, 0.01, -0.001]","[0.014, -0.013, -0.001]"
Beach Boys,"[0.089, 0.046, 0.864]","[-0.019, -0.008, 0.027]","[-0.011, -0.005, 0.015]","[-0.008, -0.004, 0.012]"
The Beatles,"[0.07, 0.038, 0.892]","[0.068, 0.037, -0.105]","[0.037, 0.02, -0.057]","[0.031, 0.017, -0.048]"
Bee Gees,"[0.079, 0.043, 0.879]","[0.014, 0.011, -0.025]","[0.019, 0.014, -0.033]","[-0.005, -0.004, 0.009]"
Bette Midler,"[0.08, 0.042, 0.878]","[0.022, 0.013, -0.035]","[0.014, 0.006, -0.02]","[0.007, 0.007, -0.014]"
Bill Withers,"[0.107, 0.042, 0.851]","[-0.049, -0.0, 0.05]","[-0.023, 0.009, 0.014]","[-0.026, -0.01, 0.036]"
Billie Holiday,"[0.088, 0.05, 0.862]","[0.048, 0.022, -0.07]","[0.038, 0.016, -0.054]","[0.01, 0.006, -0.016]"
Billy Joel,"[0.071, 0.048, 0.881]","[-0.007, -0.004, 0.011]","[-0.008, -0.002, 0.01]","[0.001, -0.002, 0.001]"
Bing Crosby,"[0.073, 0.032, 0.895]","[0.041, 0.019, -0.06]","[0.036, 0.021, -0.057]","[0.005, -0.002, -0.003]"
Black Sabbath,"[0.068, 0.058, 0.875]","[0.0, 0.012, -0.012]","[0.002, 0.008, -0.011]","[-0.002, 0.003, -0.001]"
Blur,"[0.067, 0.043, 0.89]","[0.012, -0.014, 0.002]","[0.006, -0.011, 0.005]","[0.006, -0.003, -0.003]"
Bob Dylan,"[0.06, 0.04, 0.9]","[0.006, -0.015, 0.009]","[0.009, -0.011, 0.001]","[-0.004, -0.004, 0.008]"
Bob Rivers,"[0.06, 0.043, 0.897]","[-0.024, 0.008, 0.016]","[0.017, -0.016, -0.001]","[-0.041, 0.024, 0.017]"
Bob Seger,"[0.074, 0.045, 0.881]","[0.03, 0.027, -0.057]","[0.018, 0.017, -0.035]","[0.012, 0.01, -0.022]"
Bon Jovi,"[0.073, 0.043, 0.884]","[-0.025, 0.018, 0.007]","[-0.005, 0.016, -0.011]","[-0.019, 0.002, 0.018]"
Boney M.,"[0.071, 0.043, 0.887]","[0.0, 0.005, -0.005]","[0.012, 0.011, -0.024]","[-0.012, -0.007, 0.019]"
Bonnie Raitt,"[0.087, 0.05, 0.863]","[-0.003, 0.014, -0.011]","[0.006, 0.011, -0.018]","[-0.009, 0.003, 0.006]"
Bosson,"[0.096, 0.056, 0.848]","[0.002, 0.012, -0.014]","[0.006, 0.003, -0.009]","[-0.004, 0.009, -0.005]"
Bread,"[0.087, 0.041, 0.872]","[0.033, 0.028, -0.061]","[0.029, 0.019, -0.048]","[0.004, 0.009, -0.013]"
Britney Spears,"[0.089, 0.044, 0.867]","[-0.001, 0.029, -0.028]","[-0.005, 0.005, 0.0]","[0.004, 0.024, -0.028]"
Bruce Springsteen,"[0.05, 0.04, 0.91]","[0.014, -0.001, -0.013]","[0.01, -0.003, -0.007]","[0.004, 0.002, -0.007]"
Bruno Mars,"[0.081, 0.046, 0.873]","[-0.036, 0.004, 0.032]","[-0.006, -0.003, 0.01]","[-0.029, 0.007, 0.022]"
Bryan White,"[0.087, 0.043, 0.87]","[0.073, -0.023, -0.05]","[0.007, 0.001, -0.008]","[0.066, -0.023, -0.043]"
Carly Simon,"[0.078, 0.047, 0.875]","[-0.024, 0.012, 0.012]","[-0.013, 0.011, 0.001]","[-0.012, 0.001, 0.011]"
Carol Banawa,"[0.056, 0.028, 0.916]","[-0.012, 0.039, -0.028]","[0.003, 0.003, -0.006]","[-0.014, 0.036, -0.022]"
Carpenters,"[0.092, 0.038, 0.87]","[0.034, 0.004, -0.038]","[0.023, 0.004, -0.027]","[0.01, 0.001, -0.011]"
Cat Stevens,"[0.078, 0.041, 0.881]","[0.004, -0.011, 0.007]","[0.004, -0.004, -0.0]","[0.0, -0.007, 0.007]"
Chaka Khan,"[0.101, 0.044, 0.855]","[0.004, -0.017, 0.013]","[0.004, -0.011, 0.006]","[-0.0, -0.006, 0.006]"
Cheap Trick,"[0.079, 0.052, 0.869]","[0.009, 0.022, -0.03]","[0.013, 0.016, -0.028]","[-0.004, 0.006, -0.002]"
Cher,"[0.088, 0.046, 0.866]","[0.009, 0.008, -0.017]","[0.002, 0.001, -0.003]","[0.007, 0.006, -0.014]"
Chicago,"[0.094, 0.045, 0.861]","[-0.002, -0.003, 0.005]","[-0.001, -0.003, 0.003]","[-0.002, -0.0, 0.002]"
Chris Brown,"[0.083, 0.036, 0.88]","[0.027, 0.002, -0.029]","[0.022, 0.002, -0.024]","[0.005, 0.0, -0.005]"
Chris Rea,"[0.07, 0.043, 0.887]","[-0.008, -0.009, 0.017]","[-0.005, -0.003, 0.008]","[-0.003, -0.006, 0.01]"
Christina Aguilera,"[0.085, 0.043, 0.872]","[-0.053, -0.032, 0.085]","[-0.034, 0.0, 0.033]","[-0.02, -0.032, 0.052]"
Christy Moore,"[0.044, 0.044, 0.912]","[0.001, -0.001, -0.0]","[0.005, -0.001, -0.004]","[-0.004, 0.0, 0.004]"
Chuck Berry,"[0.072, 0.035, 0.893]","[0.019, 0.003, -0.022]","[0.015, 0.005, -0.02]","[0.004, -0.002, -0.002]"
Cinderella,"[0.073, 0.04, 0.888]","[-0.022, 0.012, 0.01]","[-0.003, 0.005, -0.002]","[-0.019, 0.007, 0.012]"
Cliff Richard,"[0.091, 0.044, 0.865]","[-0.007, -0.006, 0.013]","[-0.035, 0.002, 0.033]","[0.028, -0.007, -0.02]"
Coldplay,"[0.053, 0.04, 0.907]","[-0.025, -0.005, 0.029]","[-0.029, 0.001, 0.028]","[0.004, -0.006, 0.001]"
Cole Porter,"[0.115, 0.056, 0.83]","[-0.029, 0.022, 0.007]","[-0.023, 0.018, 0.005]","[-0.006, 0.004, 0.001]"
Conway Twitty,"[0.089, 0.047, 0.865]","[-0.011, -0.013, 0.024]","[-0.007, -0.002, 0.008]","[-0.004, -0.012, 0.016]"
Counting Crows,"[0.069, 0.037, 0.894]","[0.014, 0.002, -0.016]","[0.02, -0.002, -0.018]","[-0.006, 0.003, 0.002]"
Creedence Clearwater Revival,"[0.044, 0.046, 0.91]","[0.015, -0.0, -0.015]","[0.006, 0.019, -0.026]","[0.008, -0.019, 0.011]"
Crowded House,"[0.072, 0.054, 0.874]","[0.021, 0.019, -0.04]","[0.016, 0.01, -0.027]","[0.005, 0.008, -0.014]"
Culture Club,"[0.106, 0.058, 0.836]","[0.045, -0.003, -0.042]","[0.01, -0.001, -0.009]","[0.035, -0.002, -0.033]"
Cyndi Lauper,"[0.071, 0.047, 0.882]","[-0.0, 0.005, -0.005]","[0.004, 0.006, -0.01]","[-0.005, -0.001, 0.005]"
Dan Fogelberg,"[0.075, 0.049, 0.877]","[0.03, 0.006, -0.036]","[0.007, 0.003, -0.01]","[0.023, 0.003, -0.026]"
Dave Matthews Band,"[0.074, 0.041, 0.885]","[-0.007, 0.005, 0.002]","[-0.003, 0.005, -0.002]","[-0.004, 0.0, 0.004]"
David Allan Coe,"[0.061, 0.045, 0.894]","[0.015, 0.004, -0.019]","[0.006, 0.002, -0.008]","[0.009, 0.002, -0.011]"
David Bowie,"[0.068, 0.046, 0.886]","[-0.022, -0.009, 0.031]","[-0.019, -0.005, 0.024]","[-0.003, -0.004, 0.007]"
David Guetta,"[0.083, 0.045, 0.872]","[0.023, 0.004, -0.027]","[0.037, 0.007, -0.044]","[-0.014, -0.002, 0.017]"
David Pomeranz,"[0.085, 0.039, 0.876]","[0.0, 0.0, -0.0]","[-0.003, -0.003, 0.005]","[0.003, 0.003, -0.006]"
Dean Martin,"[0.1, 0.038, 0.862]","[-0.016, 0.02, -0.004]","[-0.026, 0.015, 0.011]","[0.011, 0.005, -0.016]"
Death,"[0.059, 0.072, 0.869]","[0.021, 0.012, -0.033]","[0.024, 0.011, -0.034]","[-0.003, 0.001, 0.002]"
Deep Purple,"[0.069, 0.055, 0.876]","[0.031, 0.007, -0.038]","[0.024, 0.005, -0.029]","[0.007, 0.002, -0.009]"
Def Leppard,"[0.071, 0.053, 0.876]","[-0.011, 0.002, 0.009]","[-0.002, 0.002, 0.001]","[-0.008, 0.0, 0.008]"
Demi Lovato,"[0.081, 0.047, 0.872]","[-0.012, 0.046, -0.034]","[0.01, 0.01, -0.02]","[-0.022, 0.036, -0.014]"
Depeche Mode,"[0.089, 0.054, 0.858]","[0.014, 0.015, -0.029]","[-0.001, 0.011, -0.01]","[0.014, 0.005, -0.019]"
Devo,"[0.063, 0.048, 0.889]","[0.001, 0.015, -0.016]","[0.0, 0.003, -0.003]","[0.001, 0.013, -0.014]"
Dewa 19,"[0.05, 0.011, 0.939]","[0.01, -0.022, 0.011]","[0.004, -0.016, 0.012]","[0.006, -0.006, -0.0]"
Diana Ross,"[0.101, 0.049, 0.85]","[-0.011, 0.016, -0.005]","[-0.011, 0.006, 0.006]","[0.0, 0.01, -0.01]"
Dire Straits,"[0.06, 0.043, 0.898]","[0.003, 0.018, -0.021]","[0.006, 0.003, -0.009]","[-0.003, 0.015, -0.012]"
Divine,"[0.077, 0.049, 0.875]","[0.004, -0.018, 0.015]","[0.014, -0.005, -0.009]","[-0.011, -0.013, 0.024]"
Dolly Parton,"[0.085, 0.046, 0.869]","[-0.033, -0.005, 0.038]","[-0.019, -0.001, 0.021]","[-0.014, -0.004, 0.017]"
Don Henley,"[0.071, 0.051, 0.878]","[-0.049, 0.018, 0.032]","[-0.042, 0.025, 0.017]","[-0.007, -0.007, 0.014]"
Don McLean,"[0.081, 0.042, 0.877]","[0.007, -0.003, -0.004]","[0.011, -0.001, -0.01]","[-0.003, -0.002, 0.005]"
Don Moen,"[0.078, 0.037, 0.885]","[-0.008, 0.011, -0.003]","[-0.025, 0.021, 0.004]","[0.017, -0.01, -0.006]"
Donna Summer,"[0.092, 0.046, 0.862]","[0.03, -0.005, -0.025]","[0.02, -0.005, -0.015]","[0.01, 0.0, -0.01]"
Doris Day,"[0.084, 0.043, 0.873]","[-0.005, 0.015, -0.01]","[-0.009, 0.01, -0.002]","[0.004, 0.004, -0.008]"
Drake,"[0.075, 0.042, 0.882]","[-0.02, 0.008, 0.012]","[-0.004, 0.003, 0.001]","[-0.016, 0.005, 0.011]"
Dream Theater,"[0.064, 0.06, 0.876]","[-0.027, 0.001, 0.026]","[-0.018, -0.006, 0.024]","[-0.009, 0.008, 0.002]"
Dusty Springfield,"[0.096, 0.047, 0.857]","[0.03, -0.008, -0.022]","[0.027, -0.003, -0.024]","[0.003, -0.005, 0.002]"
Eagles,"[0.081, 0.059, 0.86]","[-0.019, -0.015, 0.034]","[-0.01, 0.003, 0.007]","[-0.009, -0.017, 0.026]"
Ed Sheeran,"[0.094, 0.042, 0.864]","[0.065, 0.009, -0.074]","[0.057, 0.006, -0.064]","[0.008, 0.002, -0.01]"
Eddie Cochran,"[0.086, 0.034, 0.88]","[0.011, 0.025, -0.037]","[0.021, 0.029, -0.05]","[-0.01, -0.004, 0.014]"
Electric Light Orchestra,"[0.071, 0.048, 0.881]","[0.03, 0.0, -0.031]","[0.021, -0.006, -0.016]","[0.009, 0.006, -0.015]"
Ella Fitzgerald,"[0.086, 0.044, 0.87]","[0.021, -0.009, -0.012]","[0.02, -0.009, -0.012]","[0.001, -0.001, -0.0]"
Ellie Goulding,"[0.073, 0.052, 0.875]","[0.02, -0.015, -0.005]","[0.014, -0.005, -0.009]","[0.006, -0.01, 0.004]"
Elton John,"[0.063, 0.049, 0.888]","[0.05, 0.009, -0.059]","[0.047, 0.006, -0.052]","[0.003, 0.004, -0.007]"
Elvis Costello,"[0.07, 0.061, 0.869]","[-0.011, 0.011, 0.0]","[0.003, -0.003, -0.0]","[-0.014, 0.014, 0.0]"
Elvis Presley,"[0.09, 0.042, 0.868]","[-0.024, -0.036, 0.06]","[-0.023, -0.031, 0.054]","[-0.001, -0.005, 0.006]"
Eminem,"[0.044, 0.048, 0.908]","[0.01, 0.002, -0.012]","[0.002, -0.002, -0.0]","[0.009, 0.003, -0.012]"
Emmylou Harris,"[0.07, 0.049, 0.881]","[-0.061, -0.017, 0.078]","[-0.05, -0.014, 0.064]","[-0.012, -0.003, 0.014]"
Engelbert Humperdinck,"[0.099, 0.043, 0.858]","[-0.029, 0.016, 0.013]","[-0.024, 0.014, 0.01]","[-0.005, 0.002, 0.003]"
Enigma,"[0.062, 0.041, 0.897]","[-0.064, -0.039, 0.103]","[-0.042, -0.03, 0.072]","[-0.022, -0.009, 0.03]"
Enrique Iglesias,"[0.082, 0.048, 0.87]","[0.018, -0.059, 0.041]","[0.022, -0.056, 0.034]","[-0.004, -0.003, 0.007]"
Enya,"[0.069, 0.029, 0.903]","[-0.026, 0.003, 0.024]","[-0.028, 0.003, 0.025]","[0.001, 0.0, -0.001]"
Erasure,"[0.098, 0.051, 0.85]","[0.039, 0.007, -0.046]","[0.013, 0.007, -0.02]","[0.026, -0.0, -0.026]"
Eric Clapton,"[0.083, 0.041, 0.876]","[-0.063, -0.024, 0.087]","[-0.04, -0.012, 0.052]","[-0.023, -0.012, 0.035]"
Erik Santos,"[0.06, 0.031, 0.909]","[0.013, 0.047, -0.06]","[-0.019, 0.001, 0.017]","[0.032, 0.045, -0.078]"
Etta James,"[0.102, 0.039, 0.859]","[-0.031, 0.005, 0.026]","[-0.031, 0.013, 0.018]","[-0.001, -0.008, 0.009]"
Europe,"[0.072, 0.053, 0.875]","[-0.02, -0.019, 0.039]","[-0.003, -0.006, 0.009]","[-0.017, -0.013, 0.03]"
Eurythmics,"[0.078, 0.052, 0.87]","[-0.064, -0.013, 0.077]","[0.0, 0.008, -0.008]","[-0.064, -0.021, 0.085]"
Evanescence,"[0.069, 0.064, 0.867]","[-0.007, -0.019, 0.026]","[-0.007, -0.031, 0.039]","[0.0, 0.012, -0.012]"
Everclear,"[0.087, 0.058, 0.854]","[-0.007, 0.002, 0.005]","[0.003, 0.004, -0.006]","[-0.009, -0.002, 0.011]"
Everlast,"[0.057, 0.05, 0.894]","[-0.014, 0.019, -0.005]","[-0.01, 0.018, -0.007]","[-0.004, 0.002, 0.002]"
Extreme,"[0.073, 0.043, 0.884]","[0.008, 0.004, -0.012]","[0.004, 0.004, -0.008]","[0.004, -0.001, -0.003]"
Fabolous,"[0.056, 0.048, 0.896]","[0.028, 0.003, -0.031]","[0.003, 0.005, -0.008]","[0.024, -0.001, -0.023]"
Faces,"[0.066, 0.045, 0.889]","[-0.006, -0.041, 0.047]","[-0.008, -0.03, 0.039]","[0.002, -0.011, 0.008]"
Faith Hill,"[0.086, 0.041, 0.873]","[-0.005, -0.009, 0.014]","[0.005, -0.005, 0.0]","[-0.01, -0.004, 0.014]"
Faith No More,"[0.062, 0.056, 0.882]","[0.001, 0.006, -0.007]","[0.0, -0.002, 0.002]","[0.001, 0.009, -0.009]"
Falco,"[0.057, 0.045, 0.897]","[0.027, 0.011, -0.038]","[0.015, 0.01, -0.025]","[0.013, 0.0, -0.013]"
Fall Out Boy,"[0.066, 0.048, 0.886]","[0.016, 0.013, -0.029]","[0.001, 0.01, -0.01]","[0.015, 0.004, -0.019]"
Fastball,"[0.068, 0.043, 0.888]","[0.008, 0.016, -0.024]","[0.006, 0.011, -0.017]","[0.002, 0.005, -0.007]"
Fatboy Slim,"[0.097, 0.046, 0.857]","[-0.101, -0.018, 0.119]","[-0.063, 0.007, 0.056]","[-0.039, -0.025, 0.064]"
Fifth Harmony,"[0.107, 0.033, 0.86]","[-0.011, -0.007, 0.018]","[0.025, -0.013, -0.012]","[-0.036, 0.006, 0.03]"
Fiona Apple,"[0.08, 0.05, 0.87]","[-0.021, 0.01, 0.011]","[-0.002, 0.005, -0.003]","[-0.019, 0.005, 0.014]"
Fleetwood Mac,"[0.093, 0.047, 0.86]","[0.02, 0.004, -0.024]","[0.02, 0.003, -0.023]","[0.0, 0.001, -0.001]"
Foo Fighters,"[0.058, 0.05, 0.892]","[0.024, -0.036, 0.012]","[0.011, -0.024, 0.014]","[0.013, -0.011, -0.002]"
Foreigner,"[0.082, 0.056, 0.862]","[0.027, 0.021, -0.048]","[0.031, 0.022, -0.053]","[-0.004, -0.001, 0.005]"
Frank Sinatra,"[0.081, 0.043, 0.877]","[0.037, 0.019, -0.056]","[0.031, 0.012, -0.043]","[0.006, 0.007, -0.013]"
Frank Zappa,"[0.065, 0.039, 0.896]","[0.013, -0.003, -0.011]","[0.012, 0.001, -0.013]","[0.001, -0.003, 0.002]"
Frankie Laine,"[0.087, 0.038, 0.875]","[-0.0, 0.017, -0.016]","[-0.001, 0.016, -0.014]","[0.001, 0.001, -0.002]"
Frankie Valli,"[0.101, 0.034, 0.865]","[0.086, -0.022, -0.064]","[0.059, -0.019, -0.04]","[0.027, -0.003, -0.024]"
Freddie Aguilar,"[0.03, 0.019, 0.952]","[-0.024, 0.041, -0.017]","[-0.045, 0.019, 0.026]","[0.021, 0.022, -0.043]"
Freddie King,"[0.085, 0.037, 0.878]","[-0.141, -0.004, 0.144]","[-0.12, -0.004, 0.124]","[-0.021, 0.0, 0.021]"
Free,"[0.086, 0.036, 0.878]","[-0.071, 0.031, 0.04]","[-0.09, 0.029, 0.06]","[0.019, 0.002, -0.021]"
Freestyle,"[0.07, 0.037, 0.893]","[-0.054, 0.013, 0.041]","[-0.051, -0.016, 0.067]","[-0.003, 0.028, -0.026]"
Garth Brooks,"[0.078, 0.049, 0.873]","[-0.022, -0.019, 0.042]","[-0.012, -0.017, 0.029]","[-0.011, -0.002, 0.013]"
Gary Numan,"[0.08, 0.057, 0.862]","[0.01, -0.017, 0.007]","[0.013, -0.006, -0.007]","[-0.002, -0.011, 0.014]"
Gary Valenciano,"[0.058, 0.029, 0.913]","[-0.02, 0.012, 0.008]","[-0.002, 0.013, -0.011]","[-0.018, -0.001, 0.019]"
Genesis,"[0.073, 0.049, 0.878]","[-0.015, -0.017, 0.032]","[-0.015, -0.011, 0.026]","[-0.0, -0.006, 0.006]"
George Formby,"[0.062, 0.042, 0.896]","[-0.004, 0.036, -0.031]","[-0.002, 0.033, -0.031]","[-0.002, 0.002, -0.0]"
George Harrison,"[0.087, 0.051, 0.861]","[0.007, 0.007, -0.014]","[0.012, 0.006, -0.018]","[-0.006, 0.002, 0.004]"
George Jones,"[0.079, 0.051, 0.87]","[0.01, -0.024, 0.014]","[0.002, -0.023, 0.021]","[0.008, -0.001, -0.007]"
George Michael,"[0.091, 0.048, 0.862]","[-0.02, 0.007, 0.014]","[-0.01, 0.011, -0.001]","[-0.011, -0.005, 0.015]"
George Strait,"[0.078, 0.045, 0.877]","[-0.015, -0.004, 0.019]","[-0.01, -0.004, 0.014]","[-0.006, 0.0, 0.005]"
Gino Vannelli,"[0.076, 0.048, 0.876]","[0.02, -0.006, -0.014]","[0.015, 0.002, -0.017]","[0.004, -0.008, 0.003]"
Glen Campbell,"[0.088, 0.043, 0.869]","[0.002, -0.001, -0.001]","[0.0, -0.006, 0.006]","[0.002, 0.005, -0.006]"
Gloria Estefan,"[0.106, 0.051, 0.843]","[0.013, 0.093, -0.106]","[0.019, 0.015, -0.034]","[-0.006, 0.078, -0.073]"
Gloria Gaynor,"[0.103, 0.04, 0.857]","[0.02, -0.013, -0.007]","[0.021, -0.004, -0.017]","[-0.001, -0.009, 0.01]"
Gordon Lightfoot,"[0.07, 0.042, 0.888]","[0.013, 0.01, -0.023]","[0.007, 0.008, -0.015]","[0.007, 0.002, -0.009]"
Grand Funk Railroad,"[0.083, 0.04, 0.877]","[-0.012, 0.008, 0.004]","[-0.003, 0.002, 0.001]","[-0.009, 0.006, 0.003]"
Grateful Dead,"[0.067, 0.041, 0.892]","[0.017, 0.01, -0.026]","[0.014, 0.011, -0.024]","[0.003, -0.001, -0.002]"
Great Big Sea,"[0.059, 0.043, 0.898]","[-0.005, -0.021, 0.026]","[0.002, -0.006, 0.004]","[-0.007, -0.015, 0.022]"
Green Day,"[0.063, 0.053, 0.884]","[0.005, 0.013, -0.018]","[0.01, 0.012, -0.022]","[-0.005, 0.001, 0.004]"
Gucci Mane,"[0.047, 0.043, 0.91]","[0.012, -0.005, -0.007]","[0.014, -0.002, -0.012]","[-0.003, -0.003, 0.005]"
Guided By Voices,"[0.063, 0.029, 0.908]","[0.003, -0.011, 0.008]","[0.002, -0.008, 0.006]","[0.001, -0.002, 0.002]"
Hank Snow,"[0.078, 0.051, 0.871]","[0.016, 0.015, -0.031]","[0.026, 0.021, -0.047]","[-0.01, -0.006, 0.016]"
Hank Williams,"[0.071, 0.052, 0.878]","[0.004, -0.008, 0.004]","[0.003, -0.009, 0.005]","[0.001, 0.001, -0.001]"
Hank Williams Jr.,"[0.069, 0.054, 0.877]","[0.024, 0.01, -0.034]","[0.007, 0.012, -0.019]","[0.017, -0.001, -0.016]"
Hanson,"[0.067, 0.046, 0.887]","[0.024, -0.015, -0.009]","[0.016, 0.003, -0.019]","[0.008, -0.018, 0.01]"
Happy Mondays,"[0.062, 0.033, 0.905]","[-0.016, 0.007, 0.009]","[-0.006, -0.003, 0.009]","[-0.01, 0.009, 0.0]"
Harry Belafonte,"[0.07, 0.034, 0.895]","[-0.02, 0.018, 0.002]","[-0.003, 0.017, -0.014]","[-0.017, 0.001, 0.016]"
"Harry Connick, Jr.","[0.083, 0.046, 0.871]","[0.038, 0.005, -0.043]","[0.018, 0.013, -0.031]","[0.02, -0.007, -0.012]"
Heart,"[0.077, 0.05, 0.872]","[-0.009, 0.028, -0.019]","[0.002, 0.035, -0.037]","[-0.011, -0.007, 0.018]"
Helloween,"[0.067, 0.06, 0.873]","[0.001, 0.007, -0.007]","[0.0, 0.008, -0.008]","[0.0, -0.001, 0.0]"
Hillsong,"[0.11, 0.038, 0.852]","[-0.021, 0.011, 0.01]","[-0.001, 0.003, -0.002]","[-0.021, 0.008, 0.013]"
HIM,"[0.075, 0.068, 0.857]","[0.031, 0.001, -0.032]","[-0.008, 0.002, 0.006]","[0.039, -0.001, -0.038]"
Hooverphonic,"[0.075, 0.069, 0.856]","[0.01, -0.0, -0.009]","[0.003, -0.011, 0.009]","[0.007, 0.011, -0.018]"
Howard Jones,"[0.083, 0.051, 0.866]","[0.016, 0.005, -0.022]","[0.012, -0.009, -0.004]","[0.004, 0.014, -0.018]"
Ian Hunter,"[0.062, 0.051, 0.887]","[-0.001, 0.018, -0.017]","[-0.001, 0.015, -0.013]","[0.001, 0.003, -0.004]"
Ice Cube,"[0.05, 0.048, 0.902]","[-0.001, -0.0, 0.001]","[-0.001, -0.0, 0.001]","[-0.001, -0.0, 0.001]"
Idina Menzel,"[0.085, 0.047, 0.868]","[0.087, 0.026, -0.113]","[0.026, 0.013, -0.039]","[0.061, 0.013, -0.074]"
Iggy Pop,"[0.071, 0.05, 0.879]","[0.004, 0.007, -0.011]","[0.001, 0.007, -0.008]","[0.002, 0.0, -0.003]"
Il Divo,"[0.113, 0.066, 0.821]","[0.065, -0.007, -0.058]","[0.044, -0.005, -0.039]","[0.021, -0.002, -0.019]"
Imagine Dragons,"[0.054, 0.05, 0.896]","[-0.001, 0.024, -0.023]","[-0.003, 0.025, -0.022]","[0.002, -0.001, -0.001]"
Imago,"[0.041, 0.02, 0.939]","[0.106, -0.021, -0.086]","[0.017, -0.012, -0.005]","[0.089, -0.009, -0.081]"
Incognito,"[0.084, 0.036, 0.881]","[-0.007, 0.014, -0.007]","[0.0, 0.006, -0.006]","[-0.007, 0.008, -0.001]"
Incubus,"[0.071, 0.056, 0.873]","[0.001, -0.035, 0.034]","[0.005, -0.035, 0.03]","[-0.004, 0.001, 0.004]"
Indigo Girls,"[0.07, 0.05, 0.88]","[-0.021, -0.011, 0.033]","[-0.017, -0.01, 0.027]","[-0.004, -0.002, 0.006]"
Ingrid Michaelson,"[0.092, 0.044, 0.865]","[-0.011, -0.021, 0.032]","[0.003, -0.008, 0.005]","[-0.013, -0.013, 0.026]"
Inna,"[0.07, 0.024, 0.906]","[0.045, -0.04, -0.005]","[-0.026, -0.016, 0.042]","[0.071, -0.024, -0.047]"
Insane Clown Posse,"[0.05, 0.061, 0.889]","[-0.01, -0.023, 0.033]","[-0.007, -0.019, 0.026]","[-0.003, -0.004, 0.007]"
INXS,"[0.074, 0.053, 0.873]","[-0.016, 0.003, 0.012]","[-0.011, -0.002, 0.013]","[-0.005, 0.005, -0.0]"
Iron Butterfly,"[0.104, 0.039, 0.857]","[0.061, -0.01, -0.051]","[0.065, -0.014, -0.051]","[-0.004, 0.004, -0.0]"
Iron Maiden,"[0.057, 0.05, 0.893]","[0.01, -0.001, -0.009]","[0.009, 0.002, -0.01]","[0.001, -0.002, 0.001]"
Irving Berlin,"[0.076, 0.037, 0.887]","[-0.016, 0.01, 0.007]","[-0.011, 0.007, 0.003]","[-0.006, 0.003, 0.003]"
Israel Houghton,"[0.119, 0.036, 0.846]","[0.053, 0.039, -0.091]","[0.043, 0.02, -0.063]","[0.01, 0.019, -0.028]"
Iwan Fals,"[0.038, 0.007, 0.955]","[-0.002, 0.0, 0.002]","[-0.027, 0.007, 0.019]","[0.025, -0.007, -0.017]"
Jackson Browne,"[0.069, 0.044, 0.887]","[0.024, 0.02, -0.044]","[0.023, 0.018, -0.041]","[0.001, 0.002, -0.003]"
The Jam,"[0.066, 0.051, 0.883]","[0.015, 0.007, -0.023]","[0.011, 0.003, -0.015]","[0.004, 0.004, -0.008]"
James Taylor,"[0.065, 0.039, 0.896]","[-0.02, 0.004, 0.016]","[-0.019, 0.003, 0.016]","[-0.001, 0.002, -0.0]"
Janis Joplin,"[0.078, 0.039, 0.883]","[-0.025, 0.01, 0.016]","[-0.018, -0.017, 0.035]","[-0.007, 0.026, -0.019]"
Jason Mraz,"[0.086, 0.041, 0.874]","[-0.012, 0.008, 0.005]","[-0.011, 0.009, 0.002]","[-0.001, -0.001, 0.002]"
Jennifer Lopez,"[0.093, 0.042, 0.866]","[-0.008, -0.019, 0.027]","[-0.015, -0.009, 0.023]","[0.007, -0.01, 0.003]"
Jim Croce,"[0.065, 0.04, 0.895]","[-0.01, -0.006, 0.016]","[-0.013, -0.002, 0.016]","[0.004, -0.004, -0.0]"
Jimi Hendrix,"[0.063, 0.038, 0.899]","[-0.004, 0.018, -0.014]","[-0.003, 0.007, -0.003]","[-0.0, 0.011, -0.01]"
Jimmy Buffett,"[0.059, 0.038, 0.904]","[-0.026, -0.018, 0.044]","[-0.016, -0.019, 0.035]","[-0.01, 0.001, 0.009]"
John Denver,"[0.073, 0.041, 0.886]","[0.007, -0.003, -0.004]","[0.008, 0.003, -0.012]","[-0.001, -0.007, 0.008]"
John Legend,"[0.1, 0.043, 0.857]","[0.002, 0.017, -0.019]","[0.003, 0.008, -0.011]","[-0.0, 0.008, -0.008]"
John Martyn,"[0.107, 0.05, 0.843]","[0.02, 0.043, -0.063]","[0.017, 0.044, -0.061]","[0.003, -0.001, -0.002]"
John McDermott,"[0.057, 0.039, 0.904]","[0.018, -0.021, 0.003]","[0.014, -0.007, -0.007]","[0.003, -0.013, 0.01]"
John Mellencamp,"[0.065, 0.05, 0.885]","[-0.085, -0.031, 0.116]","[-0.088, -0.032, 0.12]","[0.003, 0.0, -0.003]"
John Prine,"[0.063, 0.042, 0.895]","[0.023, -0.002, -0.022]","[0.007, 0.008, -0.015]","[0.016, -0.01, -0.006]"
John Waite,"[0.077, 0.046, 0.877]","[-0.036, -0.008, 0.044]","[-0.004, -0.012, 0.015]","[-0.033, 0.004, 0.029]"
Johnny Cash,"[0.059, 0.039, 0.901]","[0.012, 0.004, -0.016]","[0.011, 0.002, -0.013]","[0.001, 0.002, -0.003]"
Joni Mitchell,"[0.063, 0.047, 0.89]","[0.013, 0.01, -0.023]","[0.011, 0.006, -0.017]","[0.001, 0.005, -0.006]"
Jose Mari Chan,"[0.093, 0.039, 0.868]","[0.004, 0.01, -0.014]","[0.006, 0.004, -0.01]","[-0.002, 0.007, -0.004]"
Josh Groban,"[0.064, 0.049, 0.886]","[0.006, -0.004, -0.002]","[0.008, 0.001, -0.009]","[-0.002, -0.004, 0.007]"
Journey,"[0.092, 0.045, 0.862]","[-0.032, 0.005, 0.028]","[-0.035, 0.003, 0.032]","[0.002, 0.002, -0.004]"
Joy Division,"[0.056, 0.044, 0.9]","[0.006, 0.006, -0.012]","[-0.005, 0.008, -0.002]","[0.011, -0.002, -0.009]"
Judas Priest,"[0.054, 0.057, 0.89]","[0.009, -0.01, 0.001]","[0.002, -0.007, 0.005]","[0.007, -0.003, -0.004]"
Judy Garland,"[0.071, 0.043, 0.885]","[-0.035, -0.075, 0.11]","[-0.01, -0.065, 0.075]","[-0.025, -0.01, 0.035]"
Justin Bieber,"[0.087, 0.047, 0.866]","[0.012, 0.01, -0.023]","[0.016, -0.002, -0.014]","[-0.004, 0.012, -0.009]"
Justin Timberlake,"[0.084, 0.032, 0.884]","[0.059, -0.006, -0.053]","[0.016, 0.001, -0.016]","[0.044, -0.007, -0.037]"
Kanye West,"[0.066, 0.044, 0.89]","[0.041, 0.003, -0.044]","[0.013, 0.006, -0.019]","[0.028, -0.003, -0.025]"
Kari Jobe,"[0.1, 0.047, 0.853]","[0.011, -0.001, -0.01]","[-0.002, 0.007, -0.005]","[0.013, -0.008, -0.006]"
Kate Bush,"[0.069, 0.044, 0.887]","[-0.012, -0.008, 0.02]","[-0.004, -0.014, 0.017]","[-0.009, 0.006, 0.003]"
Katy Perry,"[0.063, 0.044, 0.893]","[0.018, -0.003, -0.015]","[0.008, -0.008, -0.001]","[0.009, 0.005, -0.014]"
Keith Green,"[0.08, 0.041, 0.879]","[-0.047, -0.008, 0.056]","[-0.016, 0.002, 0.015]","[-0.031, -0.01, 0.041]"
Keith Urban,"[0.079, 0.039, 0.882]","[-0.056, -0.04, 0.096]","[-0.018, -0.025, 0.043]","[-0.037, -0.015, 0.053]"
Kelly Clarkson,"[0.084, 0.051, 0.865]","[-0.032, 0.001, 0.031]","[-0.011, -0.001, 0.012]","[-0.021, 0.002, 0.02]"
Kenny Chesney,"[0.068, 0.039, 0.893]","[-0.022, -0.003, 0.026]","[-0.015, -0.009, 0.024]","[-0.008, 0.006, 0.002]"
Kenny Loggins,"[0.089, 0.042, 0.869]","[0.007, 0.003, -0.01]","[-0.001, 0.005, -0.004]","[0.007, -0.002, -0.006]"
Kenny Rogers,"[0.087, 0.042, 0.871]","[-0.017, 0.015, 0.002]","[0.003, 0.014, -0.017]","[-0.02, 0.001, 0.018]"
Kid Rock,"[0.059, 0.048, 0.893]","[0.015, -0.015, -0.0]","[0.005, -0.001, -0.004]","[0.011, -0.014, 0.004]"
The Killers,"[0.071, 0.045, 0.884]","[-0.004, -0.018, 0.022]","[0.003, -0.002, -0.001]","[-0.006, -0.016, 0.022]"
Kim Wilde,"[0.087, 0.053, 0.86]","[0.033, 0.009, -0.041]","[0.007, -0.005, -0.003]","[0.025, 0.013, -0.039]"
King Crimson,"[0.06, 0.043, 0.897]","[0.006, 0.036, -0.042]","[0.013, 0.031, -0.044]","[-0.007, 0.005, 0.002]"
King Diamond,"[0.057, 0.055, 0.888]","[0.012, 0.023, -0.035]","[0.011, 0.019, -0.03]","[0.001, 0.004, -0.005]"
Kirk Franklin,"[0.075, 0.051, 0.874]","[-0.023, 0.025, -0.002]","[-0.03, 0.016, 0.014]","[0.007, 0.009, -0.016]"
Koes Plus,"[0.068, 0.004, 0.928]","[-0.037, 0.0, 0.037]","[-0.019, 0.004, 0.015]","[-0.018, -0.004, 0.022]"
Korn,"[0.065, 0.065, 0.87]","[0.021, 0.026, -0.048]","[0.009, 0.011, -0.02]","[0.012, 0.015, -0.028]"
Kris Kristofferson,"[0.08, 0.056, 0.865]","[0.005, 0.013, -0.018]","[0.002, 0.008, -0.01]","[0.003, 0.005, -0.008]"
Kyla,"[0.087, 0.042, 0.87]","[-0.038, -0.017, 0.056]","[-0.027, -0.003, 0.03]","[-0.012, -0.014, 0.025]"
Kylie Minogue,"[0.09, 0.041, 0.869]","[-0.011, -0.003, 0.014]","[-0.007, -0.002, 0.01]","[-0.004, -0.0, 0.004]"
Lady Gaga,"[0.08, 0.05, 0.87]","[-0.026, 0.001, 0.025]","[0.009, -0.005, -0.004]","[-0.034, 0.006, 0.029]"
Lana Del Rey,"[0.082, 0.037, 0.882]","[0.051, 0.022, -0.073]","[0.053, 0.03, -0.083]","[-0.002, -0.008, 0.01]"
Lata Mangeshkar,"[0.026, 0.011, 0.963]","[0.005, 0.024, -0.029]","[0.007, -0.0, -0.007]","[-0.002, 0.024, -0.022]"
Lauryn Hill,"[0.085, 0.053, 0.862]","[0.066, -0.026, -0.04]","[0.016, -0.026, 0.01]","[0.05, -0.0, -0.05]"
Lea Salonga,"[0.094, 0.056, 0.851]","[0.026, 0.014, -0.041]","[0.007, 0.001, -0.008]","[0.019, 0.013, -0.033]"
Lenny Kravitz,"[0.085, 0.039, 0.876]","[0.005, 0.012, -0.017]","[-0.0, 0.009, -0.009]","[0.005, 0.003, -0.008]"
Leo Sayer,"[0.082, 0.042, 0.876]","[0.018, 0.004, -0.023]","[0.026, 0.009, -0.035]","[-0.008, -0.005, 0.013]"
Leonard Cohen,"[0.076, 0.044, 0.88]","[-0.005, -0.0, 0.006]","[0.0, -0.002, 0.002]","[-0.005, 0.001, 0.004]"
Lil Wayne,"[0.063, 0.053, 0.884]","[0.001, 0.017, -0.018]","[0.011, 0.013, -0.025]","[-0.01, 0.003, 0.007]"
Linda Ronstadt,"[0.091, 0.049, 0.86]","[-0.005, 0.015, -0.009]","[-0.012, 0.009, 0.003]","[0.007, 0.005, -0.012]"
Linkin Park,"[0.053, 0.063, 0.885]","[-0.006, 0.017, -0.011]","[-0.001, 0.002, -0.002]","[-0.005, 0.015, -0.01]"
Lionel Richie,"[0.088, 0.043, 0.868]","[-0.002, -0.0, 0.002]","[0.006, -0.001, -0.004]","[-0.008, 0.001, 0.006]"
Little Mix,"[0.097, 0.044, 0.859]","[-0.009, -0.027, 0.036]","[0.001, -0.001, -0.001]","[-0.011, -0.027, 0.037]"
Little Walter,"[0.115, 0.033, 0.851]","[0.077, 0.002, -0.079]","[0.06, -0.001, -0.059]","[0.017, 0.002, -0.02]"
LL Cool J,"[0.066, 0.043, 0.891]","[-0.015, -0.001, 0.016]","[-0.012, 0.0, 0.012]","[-0.003, -0.001, 0.004]"
Lloyd Cole,"[0.086, 0.053, 0.861]","[-0.002, -0.004, 0.006]","[-0.003, 0.002, 0.0]","[0.0, -0.006, 0.006]"
Lorde,"[0.072, 0.048, 0.88]","[-0.035, -0.009, 0.044]","[-0.016, 0.002, 0.014]","[-0.019, -0.011, 0.03]"
Loretta Lynn,"[0.083, 0.048, 0.869]","[0.006, -0.009, 0.002]","[0.003, -0.009, 0.007]","[0.004, 0.001, -0.004]"
Lou Reed,"[0.074, 0.047, 0.879]","[-0.02, 0.034, -0.013]","[-0.026, 0.029, -0.003]","[0.005, 0.005, -0.01]"
Louis Armstrong,"[0.086, 0.037, 0.877]","[0.043, 0.007, -0.051]","[0.059, -0.001, -0.059]","[-0.016, 0.008, 0.008]"
Louis Jordan,"[0.056, 0.035, 0.909]","[-0.134, 0.03, 0.104]","[-0.128, 0.027, 0.101]","[-0.006, 0.003, 0.003]"
Lucky Dube,"[0.068, 0.041, 0.891]","[0.024, -0.007, -0.017]","[-0.01, -0.002, 0.012]","[0.035, -0.005, -0.029]"
Luther Vandross,"[0.125, 0.048, 0.827]","[-0.03, 0.014, 0.015]","[-0.033, 0.01, 0.023]","[0.003, 0.005, -0.008]"
Lynyrd Skynyrd,"[0.069, 0.042, 0.889]","[-0.043, 0.006, 0.037]","[-0.035, 0.013, 0.022]","[-0.008, -0.007, 0.015]"
Madonna,"[0.096, 0.043, 0.861]","[0.046, 0.008, -0.055]","[0.038, 0.008, -0.045]","[0.008, 0.001, -0.009]"
Manowar,"[0.044, 0.04, 0.917]","[-0.001, -0.004, 0.005]","[-0.002, 0.002, 0.0]","[0.001, -0.006, 0.005]"
Mariah Carey,"[0.086, 0.043, 0.871]","[-0.03, -0.025, 0.055]","[-0.018, -0.012, 0.03]","[-0.012, -0.012, 0.025]"
Marianne Faithfull,"[0.087, 0.05, 0.863]","[-0.004, -0.002, 0.006]","[-0.014, 0.008, 0.006]","[0.01, -0.01, -0.001]"
Marillion,"[0.062, 0.052, 0.887]","[0.018, 0.015, -0.033]","[0.017, 0.011, -0.029]","[0.001, 0.003, -0.005]"
Marilyn Manson,"[0.067, 0.072, 0.861]","[-0.023, 0.017, 0.006]","[-0.015, 0.01, 0.005]","[-0.008, 0.007, 0.001]"
Maroon 5,"[0.083, 0.052, 0.864]","[-0.005, -0.019, 0.025]","[-0.002, -0.006, 0.009]","[-0.003, -0.013, 0.016]"
Mary Black,"[0.068, 0.042, 0.89]","[0.033, 0.003, -0.036]","[0.014, 0.005, -0.019]","[0.019, -0.002, -0.017]"
Matt Monro,"[0.106, 0.038, 0.856]","[-0.105, -0.005, 0.11]","[-0.103, -0.009, 0.112]","[-0.002, 0.004, -0.002]"
Matt Redman,"[0.097, 0.036, 0.867]","[-0.046, 0.007, 0.039]","[0.015, 0.016, -0.031]","[-0.061, -0.008, 0.07]"
Mazzy Star,"[0.066, 0.058, 0.876]","[0.016, 0.023, -0.039]","[0.006, 0.0, -0.006]","[0.01, 0.023, -0.033]"
Meat Loaf,"[0.072, 0.05, 0.879]","[0.011, 0.004, -0.015]","[0.016, 0.006, -0.022]","[-0.006, -0.001, 0.007]"
Megadeth,"[0.049, 0.058, 0.893]","[-0.005, -0.006, 0.011]","[-0.009, -0.006, 0.015]","[0.003, 0.001, -0.004]"
Metallica,"[0.053, 0.061, 0.886]","[-0.012, 0.018, -0.006]","[-0.013, 0.01, 0.003]","[0.0, 0.008, -0.008]"
Michael Bolton,"[0.109, 0.043, 0.848]","[-0.015, -0.008, 0.024]","[-0.004, 0.001, 0.003]","[-0.012, -0.009, 0.02]"
Michael Jackson,"[0.083, 0.049, 0.867]","[-0.03, 0.009, 0.021]","[-0.032, 0.011, 0.02]","[0.002, -0.002, 0.0]"
Michael W. Smith,"[0.088, 0.043, 0.869]","[0.052, -0.019, -0.033]","[0.006, -0.004, -0.002]","[0.045, -0.015, -0.03]"
Miley Cyrus,"[0.09, 0.048, 0.862]","[-0.016, -0.005, 0.022]","[-0.004, -0.007, 0.011]","[-0.012, 0.002, 0.011]"
Misfits,"[0.052, 0.055, 0.893]","[-0.012, -0.012, 0.024]","[-0.02, -0.016, 0.036]","[0.009, 0.003, -0.012]"
Modern Talking,"[0.092, 0.046, 0.862]","[-0.021, -0.008, 0.029]","[-0.018, -0.011, 0.029]","[-0.002, 0.003, -0.0]"
The Monkees,"[0.086, 0.043, 0.871]","[0.016, 0.012, -0.028]","[0.01, 0.013, -0.023]","[0.006, -0.001, -0.005]"
Moody Blues,"[0.079, 0.046, 0.874]","[-0.063, -0.037, 0.101]","[-0.03, -0.014, 0.045]","[-0.033, -0.023, 0.056]"
Morrissey,"[0.082, 0.053, 0.865]","[-0.015, 0.008, 0.006]","[-0.001, 0.009, -0.007]","[-0.014, -0.0, 0.014]"
Mud,"[0.098, 0.041, 0.861]","[-0.019, 0.018, 0.001]","[0.015, 0.003, -0.019]","[-0.034, 0.014, 0.02]"
Nat King Cole,"[0.099, 0.041, 0.859]","[0.025, 0.03, -0.055]","[0.022, 0.028, -0.05]","[0.003, 0.002, -0.005]"
Natalie Cole,"[0.09, 0.04, 0.871]","[0.007, 0.004, -0.011]","[0.023, 0.005, -0.028]","[-0.016, -0.0, 0.016]"
Natalie Grant,"[0.092, 0.044, 0.864]","[-0.031, 0.009, 0.022]","[0.001, 0.008, -0.01]","[-0.032, 0.0, 0.032]"
Natalie Imbruglia,"[0.071, 0.054, 0.874]","[0.024, 0.052, -0.076]","[-0.008, 0.0, 0.008]","[0.031, 0.052, -0.083]"
Nazareth,"[0.071, 0.054, 0.876]","[-0.005, -0.0, 0.005]","[-0.011, -0.001, 0.012]","[0.006, 0.001, -0.007]"
Neil Diamond,"[0.094, 0.043, 0.863]","[0.017, 0.005, -0.022]","[0.02, -0.0, -0.019]","[-0.003, 0.006, -0.003]"
Neil Sedaka,"[0.076, 0.052, 0.872]","[-0.002, 0.024, -0.022]","[-0.002, 0.015, -0.012]","[0.0, 0.009, -0.01]"
Neil Young,"[0.068, 0.046, 0.887]","[0.017, 0.015, -0.031]","[0.012, 0.007, -0.018]","[0.005, 0.008, -0.013]"
New Order,"[0.075, 0.049, 0.877]","[-0.045, 0.014, 0.031]","[-0.037, 0.014, 0.023]","[-0.008, -0.001, 0.008]"
Nick Cave,"[0.071, 0.047, 0.882]","[0.022, 0.01, -0.032]","[0.026, 0.01, -0.036]","[-0.004, 0.0, 0.004]"
Nick Drake,"[0.072, 0.035, 0.893]","[0.05, 0.014, -0.064]","[0.014, 0.001, -0.014]","[0.036, 0.013, -0.05]"
Nickelback,"[0.072, 0.048, 0.88]","[0.014, 0.01, -0.024]","[0.025, 0.015, -0.04]","[-0.011, -0.006, 0.016]"
Nicki Minaj,"[0.059, 0.059, 0.882]","[-0.013, -0.004, 0.017]","[-0.009, -0.01, 0.019]","[-0.005, 0.007, -0.002]"
Nightwish,"[0.07, 0.056, 0.874]","[0.001, 0.011, -0.012]","[-0.003, 0.001, 0.001]","[0.004, 0.009, -0.013]"
Nina Simone,"[0.079, 0.045, 0.876]","[0.027, -0.001, -0.026]","[0.028, -0.0, -0.028]","[-0.001, -0.0, 0.001]"
Nine Inch Nails,"[0.067, 0.05, 0.884]","[-0.008, -0.005, 0.013]","[-0.009, -0.007, 0.016]","[0.001, 0.002, -0.003]"
Nirvana,"[0.073, 0.054, 0.874]","[0.039, -0.007, -0.033]","[0.01, 0.0, -0.01]","[0.029, -0.007, -0.022]"
Nitty Gritty Dirt Band,"[0.056, 0.04, 0.905]","[-0.016, -0.013, 0.028]","[-0.012, -0.01, 0.023]","[-0.003, -0.003, 0.006]"
Noa,"[0.078, 0.053, 0.869]","[0.025, -0.004, -0.021]","[0.013, 0.009, -0.022]","[0.012, -0.013, 0.001]"
NOFX,"[0.06, 0.051, 0.889]","[0.006, 0.003, -0.009]","[0.001, 0.006, -0.007]","[0.005, -0.003, -0.002]"
Norah Jones,"[0.082, 0.044, 0.873]","[0.039, -0.017, -0.022]","[0.001, -0.0, -0.001]","[0.038, -0.017, -0.021]"
O-Zone,"[0.025, 0.007, 0.968]","[0.061, 0.002, -0.063]","[0.025, 0.002, -0.027]","[0.036, -0.001, -0.036]"
O.A.R.,"[0.061, 0.044, 0.895]","[0.014, -0.004, -0.01]","[0.016, 0.012, -0.029]","[-0.002, -0.016, 0.019]"
Oasis,"[0.069, 0.044, 0.887]","[-0.003, 0.014, -0.011]","[-0.008, -0.004, 0.012]","[0.005, 0.018, -0.023]"
Ocean Colour Scene,"[0.084, 0.051, 0.866]","[-0.054, -0.064, 0.117]","[-0.053, -0.054, 0.108]","[-0.0, -0.01, 0.01]"
Ofra Haza,"[0.043, 0.048, 0.91]","[0.044, 0.098, -0.142]","[0.019, 0.041, -0.06]","[0.025, 0.057, -0.082]"
Oingo Boingo,"[0.067, 0.069, 0.864]","[-0.022, 0.065, -0.043]","[-0.001, 0.002, -0.001]","[-0.021, 0.063, -0.042]"
Olly Murs,"[0.097, 0.047, 0.856]","[-0.05, -0.017, 0.066]","[-0.021, -0.005, 0.026]","[-0.029, -0.011, 0.04]"
One Direction,"[0.083, 0.038, 0.879]","[-0.017, -0.01, 0.027]","[-0.004, 0.008, -0.004]","[-0.012, -0.018, 0.031]"
OneRepublic,"[0.089, 0.026, 0.885]","[-0.036, 0.001, 0.035]","[-0.028, 0.006, 0.022]","[-0.008, -0.005, 0.013]"
Opeth,"[0.053, 0.066, 0.882]","[0.003, 0.022, -0.025]","[0.008, 0.024, -0.033]","[-0.006, -0.002, 0.008]"
Orphaned Land,"[0.07, 0.046, 0.884]","[-0.071, -0.008, 0.079]","[-0.026, 0.002, 0.024]","[-0.045, -0.01, 0.056]"
Otis Redding,"[0.098, 0.043, 0.858]","[0.009, 0.016, -0.025]","[0.012, 0.018, -0.03]","[-0.003, -0.001, 0.004]"
Our Lady Peace,"[0.091, 0.055, 0.854]","[-0.007, 0.02, -0.012]","[0.005, 0.005, -0.01]","[-0.012, 0.014, -0.002]"
Overkill,"[0.065, 0.059, 0.876]","[0.001, 0.015, -0.015]","[-0.002, 0.014, -0.012]","[0.002, 0.001, -0.003]"
Owl City,"[0.059, 0.043, 0.898]","[-0.003, 0.008, -0.005]","[-0.001, -0.001, 0.001]","[-0.003, 0.009, -0.006]"
Ozzy Osbourne,"[0.072, 0.059, 0.87]","[-0.001, 0.003, -0.001]","[-0.004, -0.005, 0.009]","[0.003, 0.008, -0.011]"
Passenger,"[0.057, 0.047, 0.896]","[0.029, -0.043, 0.014]","[0.015, -0.041, 0.026]","[0.014, -0.002, -0.012]"
Pat Benatar,"[0.085, 0.06, 0.855]","[0.042, -0.019, -0.022]","[0.025, -0.014, -0.011]","[0.016, -0.005, -0.011]"
Patsy Cline,"[0.088, 0.07, 0.843]","[-0.05, -0.169, 0.219]","[-0.025, -0.162, 0.186]","[-0.025, -0.007, 0.032]"
Patti Smith,"[0.058, 0.034, 0.908]","[-0.011, -0.014, 0.025]","[-0.011, -0.008, 0.019]","[0.0, -0.006, 0.006]"
Paul McCartney,"[0.07, 0.048, 0.882]","[0.038, 0.026, -0.064]","[0.001, 0.013, -0.014]","[0.037, 0.013, -0.05]"
Paul Simon,"[0.052, 0.04, 0.908]","[0.01, 0.021, -0.031]","[0.006, 0.012, -0.017]","[0.004, 0.01, -0.014]"
Pearl Jam,"[0.062, 0.044, 0.894]","[-0.023, 0.015, 0.009]","[-0.014, 0.015, -0.001]","[-0.009, -0.0, 0.01]"
Perry Como,"[0.072, 0.036, 0.892]","[0.036, -0.002, -0.034]","[0.036, -0.001, -0.036]","[-0.0, -0.001, 0.002]"
Pet Shop Boys,"[0.083, 0.055, 0.862]","[0.062, -0.007, -0.056]","[0.04, -0.011, -0.029]","[0.022, 0.004, -0.026]"
Peter Cetera,"[0.083, 0.046, 0.871]","[0.033, -0.002, -0.031]","[0.016, -0.006, -0.01]","[0.017, 0.004, -0.021]"
Peter Gabriel,"[0.06, 0.044, 0.897]","[0.002, -0.045, 0.044]","[-0.006, -0.033, 0.039]","[0.008, -0.012, 0.005]"
Peter Tosh,"[0.062, 0.027, 0.911]","[-0.133, -0.015, 0.148]","[-0.108, -0.014, 0.122]","[-0.025, -0.001, 0.026]"
Phil Collins,"[0.094, 0.046, 0.859]","[0.024, 0.01, -0.034]","[0.029, 0.007, -0.036]","[-0.005, 0.003, 0.002]"
Phish,"[0.048, 0.042, 0.911]","[-0.045, -0.005, 0.05]","[-0.037, -0.007, 0.044]","[-0.008, 0.002, 0.006]"
Pink Floyd,"[0.047, 0.042, 0.911]","[0.011, 0.021, -0.032]","[0.011, 0.018, -0.029]","[0.001, 0.003, -0.004]"
Pitbull,"[0.068, 0.055, 0.877]","[0.001, -0.027, 0.026]","[-0.01, -0.025, 0.035]","[0.011, -0.002, -0.009]"
Planetshakers,"[0.09, 0.027, 0.883]","[0.103, -0.014, -0.089]","[0.034, -0.02, -0.014]","[0.069, 0.007, -0.075]"
P!nk,"[0.072, 0.057, 0.871]","[0.043, -0.006, -0.036]","[0.01, -0.005, -0.006]","[0.032, -0.002, -0.031]"
Poison,"[0.063, 0.042, 0.896]","[-0.01, -0.014, 0.025]","[0.002, -0.021, 0.019]","[-0.012, 0.007, 0.006]"
Pretenders,"[0.068, 0.065, 0.867]","[0.002, -0.005, 0.003]","[-0.006, 0.0, 0.006]","[0.008, -0.005, -0.003]"
Primus,"[0.058, 0.041, 0.901]","[-0.053, -0.01, 0.063]","[-0.046, -0.007, 0.053]","[-0.006, -0.003, 0.01]"
Prince,"[0.067, 0.052, 0.88]","[-0.041, 0.0, 0.04]","[-0.024, -0.003, 0.027]","[-0.016, 0.003, 0.013]"
Procol Harum,"[0.064, 0.061, 0.876]","[0.009, 0.036, -0.045]","[-0.006, 0.012, -0.006]","[0.015, 0.024, -0.039]"
Quarashi,"[0.056, 0.04, 0.905]","[-0.008, -0.013, 0.021]","[-0.004, -0.002, 0.006]","[-0.003, -0.011, 0.015]"
Quarterflash,"[0.088, 0.052, 0.86]","[-0.082, 0.031, 0.051]","[-0.018, 0.003, 0.015]","[-0.064, 0.028, 0.037]"
Quasi,"[0.045, 0.045, 0.91]","[-0.008, -0.027, 0.035]","[-0.003, -0.011, 0.014]","[-0.006, -0.016, 0.021]"
Queen,"[0.076, 0.032, 0.892]","[-0.021, -0.051, 0.072]","[-0.0, -0.055, 0.055]","[-0.021, 0.003, 0.017]"
Quicksand,"[0.063, 0.054, 0.882]","[0.072, 0.025, -0.097]","[0.01, 0.004, -0.014]","[0.062, 0.022, -0.083]"
Quiet Riot,"[0.077, 0.037, 0.886]","[-0.065, 0.013, 0.053]","[-0.066, 0.023, 0.044]","[0.001, -0.01, 0.009]"
Quietdrive,"[0.073, 0.048, 0.879]","[0.025, -0.02, -0.005]","[0.016, -0.01, -0.007]","[0.009, -0.01, 0.001]"
R. Kelly,"[0.065, 0.034, 0.901]","[-0.012, 0.01, 0.003]","[-0.021, 0.007, 0.014]","[0.009, 0.002, -0.011]"
Radiohead,"[0.069, 0.047, 0.884]","[0.02, -0.008, -0.012]","[0.002, -0.004, 0.002]","[0.019, -0.005, -0.014]"
Raffi,"[0.042, 0.022, 0.936]","[0.027, 0.03, -0.057]","[0.01, 0.011, -0.021]","[0.017, 0.019, -0.036]"
Rainbow,"[0.088, 0.058, 0.853]","[0.007, -0.07, 0.063]","[0.023, -0.053, 0.03]","[-0.016, -0.017, 0.033]"
Rammstein,"[0.021, 0.064, 0.915]","[0.013, -0.009, -0.005]","[0.021, 0.024, -0.045]","[-0.008, -0.033, 0.041]"
Ramones,"[0.074, 0.052, 0.874]","[-0.043, 0.015, 0.028]","[-0.013, 0.017, -0.003]","[-0.03, -0.001, 0.031]"
Randy Travis,"[0.07, 0.046, 0.884]","[0.021, -0.011, -0.01]","[0.005, 0.003, -0.008]","[0.016, -0.014, -0.003]"
Rascal Flatts,"[0.073, 0.044, 0.882]","[-0.034, -0.019, 0.053]","[-0.016, -0.02, 0.036]","[-0.018, 0.002, 0.017]"
Ray Boltz,"[0.069, 0.042, 0.889]","[0.022, 0.009, -0.031]","[0.001, 0.012, -0.013]","[0.021, -0.004, -0.018]"
Ray Charles,"[0.092, 0.041, 0.867]","[-0.052, 0.018, 0.034]","[-0.046, 0.014, 0.033]","[-0.006, 0.004, 0.002]"
Red Hot Chili Peppers,"[0.072, 0.045, 0.884]","[-0.026, 0.008, 0.019]","[-0.024, 0.007, 0.017]","[-0.002, 0.0, 0.002]"
Regine Velasquez,"[0.088, 0.029, 0.883]","[0.018, -0.001, -0.017]","[0.02, 0.003, -0.022]","[-0.002, -0.004, 0.006]"
Richard Marx,"[0.078, 0.057, 0.865]","[-0.006, -0.011, 0.017]","[0.004, 0.002, -0.005]","[-0.009, -0.013, 0.022]"
Rick Astley,"[0.111, 0.041, 0.848]","[-0.009, -0.004, 0.013]","[-0.012, 0.001, 0.011]","[0.003, -0.004, 0.002]"
Rihanna,"[0.079, 0.04, 0.88]","[-0.027, 0.011, 0.015]","[-0.02, 0.008, 0.012]","[-0.006, 0.003, 0.003]"
Robbie Williams,"[0.081, 0.051, 0.869]","[-0.004, 0.006, -0.002]","[-0.003, 0.001, 0.002]","[-0.0, 0.004, -0.004]"
Rod Stewart,"[0.081, 0.045, 0.875]","[-0.007, -0.025, 0.031]","[0.007, -0.02, 0.014]","[-0.014, -0.004, 0.018]"
Rolling Stones,"[0.051, 0.039, 0.91]","[-0.064, 0.006, 0.058]","[-0.034, -0.016, 0.05]","[-0.03, 0.022, 0.008]"
Roxette,"[0.078, 0.043, 0.879]","[0.007, 0.02, -0.028]","[0.003, 0.008, -0.012]","[0.004, 0.012, -0.016]"
Roxy Music,"[0.084, 0.056, 0.86]","[-0.007, -0.007, 0.013]","[0.004, -0.003, -0.001]","[-0.011, -0.004, 0.014]"
Roy Orbison,"[0.102, 0.042, 0.856]","[0.009, 0.0, -0.009]","[0.014, -0.002, -0.012]","[-0.005, 0.002, 0.003]"
Rush,"[0.069, 0.051, 0.88]","[-0.014, -0.019, 0.033]","[-0.018, -0.021, 0.039]","[0.003, 0.002, -0.006]"
Santana,"[0.084, 0.039, 0.877]","[0.077, 0.016, -0.093]","[0.044, 0.011, -0.055]","[0.033, 0.005, -0.038]"
Scorpions,"[0.082, 0.05, 0.868]","[-0.001, 0.001, 0.0]","[-0.009, 0.007, 0.002]","[0.008, -0.006, -0.002]"
Sia,"[0.074, 0.04, 0.886]","[-0.085, -0.019, 0.105]","[-0.029, -0.008, 0.037]","[-0.056, -0.012, 0.068]"
Slayer,"[0.051, 0.089, 0.86]","[-0.001, 0.03, -0.029]","[-0.001, 0.022, -0.021]","[0.0, 0.008, -0.008]"
Snoop Dogg,"[0.074, 0.038, 0.888]","[0.086, -0.002, -0.084]","[0.012, -0.002, -0.01]","[0.075, -0.001, -0.074]"
Soundgarden,"[0.062, 0.051, 0.887]","[0.024, 0.017, -0.04]","[0.02, 0.01, -0.03]","[0.004, 0.006, -0.01]"
Spandau Ballet,"[0.098, 0.051, 0.851]","[0.032, 0.001, -0.033]","[0.022, 0.01, -0.032]","[0.01, -0.009, -0.001]"
Squeeze,"[0.059, 0.048, 0.894]","[-0.012, -0.044, 0.057]","[0.006, -0.027, 0.021]","[-0.018, -0.017, 0.036]"
Status Quo,"[0.075, 0.044, 0.881]","[-0.004, -0.055, 0.059]","[-0.008, -0.05, 0.059]","[0.005, -0.005, 0.0]"
Steely Dan,"[0.07, 0.038, 0.892]","[-0.013, 0.017, -0.005]","[-0.007, 0.01, -0.003]","[-0.006, 0.007, -0.001]"
Steve Miller Band,"[0.084, 0.037, 0.878]","[-0.037, 0.041, -0.004]","[-0.009, 0.022, -0.013]","[-0.028, 0.019, 0.01]"
Stevie Ray Vaughan,"[0.064, 0.044, 0.892]","[-0.015, 0.04, -0.026]","[-0.018, 0.027, -0.01]","[0.003, 0.013, -0.016]"
Stevie Wonder,"[0.103, 0.055, 0.842]","[-0.051, 0.029, 0.022]","[-0.026, 0.011, 0.014]","[-0.025, 0.018, 0.007]"
Sting,"[0.069, 0.047, 0.884]","[-0.072, 0.024, 0.048]","[-0.073, 0.024, 0.049]","[0.001, 0.001, -0.002]"
Stone Temple Pilots,"[0.054, 0.046, 0.9]","[0.018, -0.016, -0.002]","[0.021, 0.015, -0.036]","[-0.003, -0.032, 0.035]"
Styx,"[0.063, 0.031, 0.906]","[-0.051, -0.012, 0.063]","[-0.027, 0.012, 0.015]","[-0.024, -0.024, 0.048]"
Sublime,"[0.086, 0.044, 0.87]","[-0.008, -0.029, 0.037]","[0.014, -0.018, 0.003]","[-0.022, -0.011, 0.033]"
Supertramp,"[0.094, 0.05, 0.856]","[-0.001, 0.027, -0.026]","[0.053, 0.022, -0.075]","[-0.055, 0.005, 0.05]"
Talking Heads,"[0.061, 0.061, 0.878]","[0.063, 0.033, -0.096]","[0.05, 0.027, -0.077]","[0.013, 0.007, -0.019]"
Taylor Swift,"[0.089, 0.058, 0.853]","[-0.054, 0.111, -0.057]","[-0.026, 0.03, -0.005]","[-0.029, 0.081, -0.053]"
The Temptations,"[0.106, 0.039, 0.855]","[0.081, -0.006, -0.075]","[0.063, -0.012, -0.051]","[0.018, 0.006, -0.024]"
Thin Lizzy,"[0.088, 0.053, 0.86]","[0.046, 0.011, -0.057]","[0.031, 0.011, -0.042]","[0.015, -0.0, -0.015]"
Tiffany,"[0.075, 0.048, 0.877]","[-0.043, 0.01, 0.032]","[-0.026, -0.0, 0.026]","[-0.017, 0.01, 0.007]"
Tim Buckley,"[0.074, 0.042, 0.884]","[-0.044, 0.001, 0.043]","[-0.035, -0.0, 0.035]","[-0.01, 0.002, 0.008]"
Tim McGraw,"[0.058, 0.042, 0.9]","[0.005, -0.012, 0.007]","[0.005, -0.005, -0.0]","[-0.0, -0.007, 0.007]"
Tina Turner,"[0.088, 0.053, 0.859]","[0.023, 0.033, -0.056]","[0.033, 0.026, -0.058]","[-0.01, 0.007, 0.003]"
Tom Jones,"[0.089, 0.044, 0.867]","[-0.037, 0.022, 0.015]","[0.0, 0.013, -0.013]","[-0.037, 0.009, 0.028]"
Tom Lehrer,"[0.052, 0.04, 0.908]","[0.018, -0.018, 0.0]","[-0.025, -0.011, 0.036]","[0.043, -0.007, -0.036]"
Tom T. Hall,"[0.063, 0.041, 0.896]","[-0.006, 0.005, 0.0]","[-0.012, -0.003, 0.015]","[0.006, 0.008, -0.014]"
Tom Waits,"[0.074, 0.049, 0.877]","[0.023, 0.004, -0.027]","[0.034, 0.013, -0.047]","[-0.011, -0.009, 0.02]"
Tori Amos,"[0.071, 0.028, 0.901]","[-0.027, -0.013, 0.04]","[-0.009, -0.003, 0.012]","[-0.018, -0.01, 0.028]"
Toto,"[0.087, 0.049, 0.865]","[0.017, 0.033, -0.05]","[0.011, 0.03, -0.041]","[0.006, 0.003, -0.009]"
Townes Van Zandt,"[0.074, 0.045, 0.881]","[0.016, 0.006, -0.022]","[0.02, 0.002, -0.022]","[-0.004, 0.004, -0.0]"
Tracy Chapman,"[0.078, 0.048, 0.874]","[0.027, -0.038, 0.012]","[0.008, -0.003, -0.005]","[0.019, -0.035, 0.017]"
Train,"[0.072, 0.034, 0.894]","[-0.032, 0.007, 0.025]","[-0.033, 0.008, 0.024]","[0.001, -0.002, 0.001]"
Travis,"[0.063, 0.06, 0.878]","[-0.008, 0.057, -0.049]","[0.004, 0.019, -0.023]","[-0.011, 0.038, -0.026]"
U2,"[0.078, 0.038, 0.884]","[0.051, -0.011, -0.04]","[0.006, 0.003, -0.009]","[0.045, -0.014, -0.031]"
UB40,"[0.074, 0.049, 0.878]","[0.02, -0.003, -0.017]","[0.032, 0.003, -0.035]","[-0.012, -0.006, 0.018]"
Ugly Kid Joe,"[0.068, 0.058, 0.874]","[-0.022, -0.016, 0.038]","[-0.006, -0.006, 0.012]","[-0.016, -0.011, 0.026]"
Ultravox,"[0.064, 0.044, 0.892]","[-0.011, 0.028, -0.017]","[-0.005, 0.011, -0.006]","[-0.007, 0.017, -0.01]"
Uncle Kracker,"[0.058, 0.05, 0.892]","[-0.015, -0.007, 0.022]","[0.009, -0.008, -0.002]","[-0.025, 0.001, 0.024]"
Uncle Tupelo,"[0.066, 0.061, 0.873]","[0.024, -0.002, -0.022]","[0.005, -0.003, -0.002]","[0.019, 0.001, -0.02]"
Underoath,"[0.056, 0.05, 0.894]","[-0.037, -0.01, 0.048]","[-0.046, -0.014, 0.06]","[0.009, 0.003, -0.012]"
Underworld,"[0.052, 0.033, 0.915]","[0.004, -0.003, -0.001]","[0.007, 0.001, -0.008]","[-0.002, -0.004, 0.006]"
Unearth,"[0.055, 0.074, 0.872]","[0.005, -0.014, 0.009]","[0.006, 0.007, -0.013]","[-0.002, -0.021, 0.022]"
Unwritten Law,"[0.095, 0.046, 0.859]","[0.069, 0.017, -0.085]","[0.051, -0.006, -0.045]","[0.018, 0.023, -0.041]"
Uriah Heep,"[0.076, 0.051, 0.874]","[-0.023, 0.002, 0.021]","[-0.028, 0.001, 0.027]","[0.005, 0.001, -0.006]"
Usher,"[0.077, 0.05, 0.873]","[-0.031, 0.031, -0.0]","[-0.017, 0.003, 0.014]","[-0.014, 0.028, -0.014]"
Utopia,"[0.077, 0.05, 0.873]","[-0.024, -0.008, 0.032]","[0.006, -0.002, -0.004]","[-0.03, -0.006, 0.036]"
Van Halen,"[0.072, 0.032, 0.896]","[-0.061, 0.013, 0.048]","[-0.028, 0.019, 0.01]","[-0.033, -0.006, 0.038]"
Van Morrison,"[0.06, 0.034, 0.906]","[0.029, 0.003, -0.032]","[0.021, 0.006, -0.027]","[0.008, -0.003, -0.005]"
Vanessa Williams,"[0.106, 0.043, 0.85]","[0.037, 0.004, -0.041]","[0.0, 0.008, -0.008]","[0.036, -0.004, -0.032]"
Vangelis,"[0.064, 0.036, 0.9]","[-0.051, 0.043, 0.008]","[-0.003, 0.008, -0.006]","[-0.048, 0.035, 0.013]"
Vanilla Ice,"[0.058, 0.039, 0.903]","[-0.012, -0.023, 0.035]","[-0.012, -0.016, 0.027]","[-0.001, -0.007, 0.008]"
Venom,"[0.049, 0.075, 0.875]","[-0.002, -0.018, 0.02]","[-0.001, -0.009, 0.01]","[-0.002, -0.008, 0.01]"
Vertical Horizon,"[0.073, 0.058, 0.869]","[-0.071, -0.028, 0.099]","[-0.053, -0.022, 0.075]","[-0.018, -0.006, 0.024]"
Veruca Salt,"[0.096, 0.045, 0.859]","[0.03, 0.079, -0.109]","[0.056, 0.016, -0.072]","[-0.026, 0.063, -0.037]"
Vince Gill,"[0.088, 0.049, 0.863]","[0.049, 0.024, -0.073]","[0.039, 0.008, -0.047]","[0.009, 0.017, -0.026]"
Violent Femmes,"[0.081, 0.059, 0.861]","[0.088, 0.027, -0.115]","[0.014, 0.006, -0.02]","[0.074, 0.021, -0.095]"
Vonda Shepard,"[0.113, 0.053, 0.834]","[-0.033, 0.004, 0.029]","[-0.016, -0.005, 0.021]","[-0.016, 0.008, 0.008]"
Vybz Kartel,"[0.043, 0.032, 0.925]","[0.012, -0.004, -0.008]","[-0.006, 0.001, 0.005]","[0.018, -0.005, -0.013]"
Wanda Jackson,"[0.091, 0.045, 0.864]","[-0.142, -0.021, 0.163]","[-0.116, -0.013, 0.128]","[-0.027, -0.009, 0.035]"
Warren Zevon,"[0.055, 0.054, 0.891]","[0.023, 0.057, -0.08]","[0.028, 0.054, -0.082]","[-0.005, 0.003, 0.003]"
W.A.S.P.,"[0.07, 0.068, 0.862]","[0.054, 0.027, -0.08]","[0.037, 0.009, -0.046]","[0.017, 0.018, -0.035]"
Waylon Jennings,"[0.072, 0.046, 0.883]","[-0.009, 0.001, 0.008]","[0.003, 0.017, -0.02]","[-0.012, -0.016, 0.028]"
Ween,"[0.068, 0.051, 0.88]","[-0.036, 0.018, 0.018]","[-0.035, 0.022, 0.013]","[-0.001, -0.004, 0.005]"
Weezer,"[0.064, 0.055, 0.881]","[0.039, -0.0, -0.039]","[0.056, 0.028, -0.084]","[-0.016, -0.028, 0.045]"
Westlife,"[0.096, 0.044, 0.86]","[-0.048, -0.012, 0.061]","[-0.003, -0.0, 0.003]","[-0.045, -0.012, 0.058]"
Wet Wet Wet,"[0.093, 0.032, 0.875]","[0.024, -0.009, -0.015]","[0.034, -0.002, -0.032]","[-0.01, -0.007, 0.017]"
The White Stripes,"[0.072, 0.043, 0.885]","[0.034, 0.054, -0.088]","[0.043, 0.034, -0.077]","[-0.009, 0.02, -0.011]"
Whitesnake,"[0.113, 0.057, 0.83]","[-0.04, -0.043, 0.083]","[-0.042, -0.036, 0.077]","[0.002, -0.008, 0.005]"
Whitney Houston,"[0.094, 0.039, 0.868]","[-0.053, -0.029, 0.082]","[-0.05, -0.012, 0.061]","[-0.003, -0.017, 0.021]"
Widespread Panic,"[0.07, 0.034, 0.896]","[-0.087, 0.008, 0.079]","[-0.066, 0.007, 0.059]","[-0.021, 0.0, 0.02]"
Will Smith,"[0.06, 0.048, 0.891]","[0.014, -0.026, 0.012]","[-0.0, -0.014, 0.015]","[0.014, -0.012, -0.002]"
Willie Nelson,"[0.089, 0.052, 0.86]","[0.01, -0.017, 0.007]","[0.014, -0.014, 0.001]","[-0.004, -0.003, 0.006]"
Wishbone Ash,"[0.076, 0.052, 0.872]","[0.023, 0.003, -0.027]","[0.007, 0.001, -0.008]","[0.016, 0.003, -0.019]"
Within Temptation,"[0.069, 0.068, 0.863]","[-0.036, 0.027, 0.009]","[-0.019, 0.022, -0.003]","[-0.017, 0.005, 0.012]"
Wiz Khalifa,"[0.05, 0.052, 0.898]","[0.014, -0.002, -0.012]","[0.001, 0.018, -0.019]","[0.013, -0.019, 0.006]"
Wyclef Jean,"[0.054, 0.036, 0.91]","[-0.049, 0.029, 0.02]","[-0.035, 0.021, 0.013]","[-0.014, 0.008, 0.006]"
X,"[0.046, 0.041, 0.913]","[-0.008, 0.014, -0.006]","[0.001, 0.005, -0.005]","[-0.009, 0.009, -0.001]"
Xandria,"[0.073, 0.056, 0.871]","[-0.022, -0.007, 0.029]","[-0.009, -0.022, 0.031]","[-0.012, 0.014, -0.002]"
Xavier Rudd,"[0.088, 0.04, 0.872]","[0.063, -0.014, -0.049]","[0.024, -0.015, -0.009]","[0.039, 0.001, -0.04]"
Xiu Xiu,"[0.076, 0.049, 0.874]","[-0.004, 0.009, -0.005]","[-0.008, 0.0, 0.008]","[0.004, 0.009, -0.013]"
Xscape,"[0.073, 0.039, 0.888]","[0.008, -0.022, 0.014]","[0.008, -0.012, 0.004]","[0.0, -0.01, 0.01]"
XTC,"[0.066, 0.049, 0.885]","[0.004, 0.014, -0.018]","[-0.0, 0.011, -0.01]","[0.004, 0.003, -0.007]"
Xzibit,"[0.053, 0.05, 0.898]","[-0.0, -0.001, 0.001]","[0.002, -0.005, 0.003]","[-0.002, 0.004, -0.002]"
Yazoo,"[0.069, 0.042, 0.889]","[0.02, 0.022, -0.041]","[0.014, 0.016, -0.03]","[0.006, 0.006, -0.011]"
Yeah Yeah Yeahs,"[0.052, 0.03, 0.918]","[0.03, -0.001, -0.029]","[0.02, 0.005, -0.026]","[0.01, -0.006, -0.004]"
Yello,"[0.062, 0.045, 0.893]","[-0.062, -0.045, 0.106]","[-0.05, -0.025, 0.076]","[-0.011, -0.019, 0.03]"
Yellowcard,"[0.076, 0.048, 0.876]","[-0.003, -0.017, 0.02]","[-0.006, -0.007, 0.013]","[0.003, -0.01, 0.007]"
Yes,"[0.071, 0.03, 0.899]","[-0.02, 0.004, 0.015]","[-0.001, 0.014, -0.013]","[-0.018, -0.009, 0.028]"
Yngwie Malmsteen,"[0.082, 0.071, 0.846]","[-0.031, 0.005, 0.026]","[-0.013, -0.003, 0.016]","[-0.018, 0.008, 0.01]"
Yo Gotti,"[0.056, 0.047, 0.897]","[-0.005, 0.008, -0.002]","[0.005, -0.001, -0.004]","[-0.011, 0.009, 0.002]"
Yo La Tengo,"[0.051, 0.054, 0.895]","[-0.025, 0.014, 0.011]","[-0.016, 0.011, 0.005]","[-0.009, 0.004, 0.006]"
Yoko Ono,"[0.067, 0.041, 0.892]","[0.108, -0.05, -0.058]","[0.016, -0.023, 0.007]","[0.092, -0.026, -0.065]"
Yolanda Adams,"[0.106, 0.055, 0.839]","[-0.038, 0.001, 0.037]","[-0.047, -0.008, 0.055]","[0.008, 0.009, -0.017]"
Yonder Mountain String Band,"[0.061, 0.054, 0.885]","[0.053, 0.032, -0.085]","[0.04, 0.015, -0.056]","[0.013, 0.016, -0.029]"
You Am I,"[0.053, 0.052, 0.895]","[0.016, -0.021, 0.004]","[0.004, -0.025, 0.021]","[0.012, 0.004, -0.017]"
Young Jeezy,"[0.049, 0.043, 0.908]","[0.0, 0.0, -0.0]","[0.0, -0.0, -0.0]","[-0.0, 0.001, -0.0]"
Z-Ro,"[0.055, 0.054, 0.891]","[0.023, -0.006, -0.016]","[0.002, 0.001, -0.003]","[0.021, -0.007, -0.014]"
Zac Brown Band,"[0.076, 0.041, 0.884]","[0.03, -0.025, -0.005]","[0.003, -0.01, 0.006]","[0.027, -0.016, -0.011]"
Zao,"[0.064, 0.066, 0.87]","[-0.008, 0.007, 0.001]","[0.0, 0.016, -0.016]","[-0.008, -0.009, 0.017]"
Zebra,"[0.088, 0.048, 0.864]","[-0.009, 0.007, 0.002]","[-0.011, 0.01, 0.001]","[0.002, -0.004, 0.002]"
Zebrahead,"[0.055, 0.053, 0.892]","[-0.015, 0.025, -0.01]","[-0.008, 0.017, -0.009]","[-0.007, 0.008, -0.001]"
Zero 7,"[0.066, 0.04, 0.894]","[-0.042, 0.013, 0.028]","[-0.035, 0.005, 0.029]","[-0.007, 0.008, -0.001]"
Zeromancer,"[0.071, 0.058, 0.871]","[-0.003, -0.068, 0.07]","[-0.001, -0.038, 0.04]","[-0.001, -0.03, 0.031]"
Ziggy Marley,"[0.097, 0.053, 0.85]","[0.006, -0.016, 0.011]","[-0.01, 0.002, 0.008]","[0.016, -0.019, 0.003]"
Zornik,"[0.085, 0.063, 0.853]","[-0.06, -0.047, 0.107]","[-0.04, -0.018, 0.059]","[-0.019, -0.029, 0.048]"
Zucchero,"[0.087, 0.049, 0.864]","[0.01, -0.017, 0.008]","[0.038, -0.002, -0.036]","[-0.028, -0.016, 0.044]"
ZZ Top,"[0.064, 0.043, 0.893]","[0.024, 0.004, -0.028]","[0.013, 0.008, -0.021]","[0.011, -0.004, -0.006]"
Andrea Bocelli,"[0.028, 0.03, 0.943]","[-0.02, -0.018, 0.038]","[-0.007, -0.003, 0.01]","[-0.013, -0.015, 0.027]"